الرسالة,نوع_الإشارة
أنا مهتم وبفكر أشتري شقة في الجيزة,نية شراء
أنا مرتاح وبفكر أشتري شقة في مدينتي,مقارنة
أنا مرتاح وبفكر أشتري استوديو في الزمالك,تفاوض
أنا متردد وبفكر أشتري استوديو في التجمع,استفسار
أنا قلقان وبفكر أشتري شقة في المعادي,نية شراء
أنا قلقان وبفكر أشتري شقة في مدينتي,تردد
أنا مرتاح وبفكر أشتري شقة في الشيخ زايد,تردد
أنا قلقان وبفكر أشتري فيلا في الرحاب,تفاوض
أنا متردد وبفكر أشتري استوديو في الجيزة,تفاوض
أنا مستعجل وبفكر أشتري شقة في القاهرة,نية شراء
أنا متردد وبفكر أشتري فيلا في الجيزة,استفسار
أنا مستعجل وبفكر أشتري دوبلكس في الشيخ زايد,تفاوض
أنا متردد وبفكر أشتري فيلا في الجيزة,استفسار
أنا متردد وبفكر أشتري دوبلكس في الرحاب,تردد
أنا مهتم وبفكر أشتري استوديو في الزمالك,مقارنة
أنا متردد وبفكر أشتري استوديو في الزمالك,تردد
أنا مستعجل وبفكر أشتري دوبلكس في الجيزة,استفسار
أنا مهتم وبفكر أشتري شقة في التجمع,تردد
أنا مرتاح وبفكر أشتري فيلا في الجيزة,نية شراء
أنا مرتاح وبفكر أشتري فيلا في مدينتي,مقارنة
أنا متردد وبفكر أشتري فيلا في مدينتي,تفاوض
أنا متردد وبفكر أشتري شقة في الشيخ زايد,مقارنة
أنا متردد وبفكر أشتري دوبلكس في التجمع,نية شراء
أنا متردد وبفكر أشتري شقة في الشيخ زايد,استفسار
أنا متردد وبفكر أشتري دوبلكس في الجيزة,استفسار
أنا قلقان وبفكر أشتري استوديو في الزمالك,نية شراء
أنا مهتم وبفكر أشتري فيلا في الرحاب,مقارنة
أنا مستعجل وبفكر أشتري شقة في الشيخ زايد,تردد
أنا مهتم وبفكر أشتري شقة في التجمع,تفاوض
أنا قلقان وبفكر أشتري استوديو في الجيزة,تردد
أنا متردد وبفكر أشتري شقة في مدينتي,مقارنة
أنا مرتاح وبفكر أشتري فيلا في التجمع,تردد
أنا مستعجل وبفكر أشتري دوبلكس في الشيخ زايد,نية شراء
أنا متردد وبفكر أشتري شقة في الشيخ زايد,تفاوض
أنا مستعجل وبفكر أشتري دوبلكس في القاهرة,مقارنة
أنا قلقان وبفكر أشتري استوديو في القاهرة,نية شراء
أنا مرتاح وبفكر أشتري شقة في المعادي,تردد
أنا مستعجل وبفكر أشتري شقة في القاهرة,تفاوض
أنا متردد وبفكر أشتري دوبلكس في الشيخ زايد,نية شراء
أنا متردد وبفكر أشتري دوبلكس في التجمع,نية شراء
أنا متردد وبفكر أشتري استوديو في الشيخ زايد,استفسار
أنا مهتم وبفكر أشتري فيلا في التجمع,مقارنة
أنا قلقان وبفكر أشتري استوديو في مدينتي,تفاوض
أنا مستعجل وبفكر أشتري فيلا في التجمع,مقارنة
أنا متردد وبفكر أشتري دوبلكس في الشيخ زايد,استفسار
أنا مهتم وبفكر أشتري استوديو في الرحاب,استفسار
أنا مستعجل وبفكر أشتري فيلا في القاهرة,تردد
أنا مهتم وبفكر أشتري استوديو في الرحاب,تفاوض
أنا مستعجل وبفكر أشتري دوبلكس في مدينتي,استفسار
أنا مهتم وبفكر أشتري دوبلكس في المعادي,تردد
أنا قلقان وبفكر أشتري استوديو في الرحاب,تفاوض
أنا مهتم وبفكر أشتري دوبلكس في الجيزة,تفاوض
أنا قلقان وبفكر أشتري دوبلكس في الرحاب,نية شراء
أنا قلقان وبفكر أشتري استوديو في القاهرة,مقارنة
أنا متردد وبفكر أشتري دوبلكس في الرحاب,نية شراء
أنا مستعجل وبفكر أشتري استوديو في الجيزة,استفسار
أنا مرتاح وبفكر أشتري استوديو في القاهرة,تردد
أنا مرتاح وبفكر أشتري دوبلكس في التجمع,نية شراء
أنا قلقان وبفكر أشتري فيلا في الشيخ زايد,مقارنة
أنا مهتم وبفكر أشتري فيلا في الجيزة,مقارنة
أنا مستعجل وبفكر أشتري استوديو في الجيزة,نية شراء
أنا مستعجل وبفكر أشتري فيلا في الشيخ زايد,نية شراء
أنا مستعجل وبفكر أشتري شقة في المعادي,تردد
أنا مرتاح وبفكر أشتري استوديو في الزمالك,مقارنة
أنا مستعجل وبفكر أشتري استوديو في المعادي,نية شراء
أنا قلقان وبفكر أشتري فيلا في مدينتي,تفاوض
أنا مستعجل وبفكر أشتري استوديو في القاهرة,نية شراء
أنا قلقان وبفكر أشتري دوبلكس في الجيزة,مقارنة
أنا قلقان وبفكر أشتري فيلا في القاهرة,تردد
أنا مرتاح وبفكر أشتري فيلا في مدينتي,تردد
أنا مرتاح وبفكر أشتري استوديو في التجمع,تردد
أنا مهتم وبفكر أشتري شقة في المعادي,نية شراء
أنا متردد وبفكر أشتري استوديو في مدينتي,تردد
أنا مستعجل وبفكر أشتري استوديو في الشيخ زايد,مقارنة
أنا مستعجل وبفكر أشتري شقة في القاهرة,تردد
أنا مهتم وبفكر أشتري فيلا في الزمالك,تفاوض
أنا مهتم وبفكر أشتري دوبلكس في المعادي,تفاوض
أنا مرتاح وبفكر أشتري دوبلكس في القاهرة,تردد
أنا مرتاح وبفكر أشتري دوبلكس في المعادي,تفاوض
أنا قلقان وبفكر أشتري فيلا في مدينتي,مقارنة
أنا قلقان وبفكر أشتري فيلا في المعادي,مقارنة
أنا متردد وبفكر أشتري استوديو في التجمع,تفاوض
أنا مستعجل وبفكر أشتري استوديو في الشيخ زايد,استفسار
أنا مرتاح وبفكر أشتري شقة في الشيخ زايد,تردد
أنا مهتم وبفكر أشتري استوديو في مدينتي,نية شراء
أنا قلقان وبفكر أشتري فيلا في مدينتي,استفسار
أنا مهتم وبفكر أشتري فيلا في الشيخ زايد,تردد
أنا متردد وبفكر أشتري فيلا في المعادي,نية شراء
أنا مرتاح وبفكر أشتري استوديو في القاهرة,تفاوض
أنا مستعجل وبفكر أشتري دوبلكس في القاهرة,نية شراء
أنا قلقان وبفكر أشتري دوبلكس في الشيخ زايد,نية شراء
أنا مستعجل وبفكر أشتري دوبلكس في الشيخ زايد,نية شراء
أنا مرتاح وبفكر أشتري شقة في المعادي,تفاوض
أنا قلقان وبفكر أشتري دوبلكس في مدينتي,نية شراء
أنا متردد وبفكر أشتري دوبلكس في مدينتي,استفسار
أنا مرتاح وبفكر أشتري استوديو في الجيزة,نية شراء
أنا مستعجل وبفكر أشتري دوبلكس في التجمع,تفاوض
أنا متردد وبفكر أشتري فيلا في مدينتي,استفسار
أنا مهتم وبفكر أشتري فيلا في الجيزة,تردد
أنا مستعجل وبفكر أشتري دوبلكس في المعادي,استفسار
