السؤال,نوع_الرد
تحب تسكن في منطقة فيها جيران من نفس الخلفية؟,أيوه
تحب تسكن في منطقة فيها جيران من نفس الخلفية؟,مش فارقة
تحب تسكن في منطقة فيها جيران من نفس الخلفية؟,أيوه
تحب تسكن في منطقة فيها جيران من نفس الخلفية؟,أيوه
تحب تسكن في منطقة فيها جيران من نفس الخلفية؟,يفضل لأ
تحب تسكن في منطقة فيها جيران من نفس الخلفية؟,أيوه
تحب تسكن في منطقة فيها جيران من نفس الخلفية؟,أيوه
تحب تسكن في منطقة فيها جيران من نفس الخلفية؟,أيوه
تحب تسكن في منطقة فيها جيران من نفس الخلفية؟,أيوه
تحب تسكن في منطقة فيها جيران من نفس الخلفية؟,يفضل لأ
تحب تسكن في منطقة فيها جيران من نفس الخلفية؟,مش فارقة
تحب تسكن في منطقة فيها جيران من نفس الخلفية؟,أيوه
تحب تسكن في منطقة فيها جيران من نفس الخلفية؟,مش فارقة
تحب تسكن في منطقة فيها جيران من نفس الخلفية؟,أيوه
تحب تسكن في منطقة فيها جيران من نفس الخلفية؟,يفضل لأ
تحب تسكن في منطقة فيها جيران من نفس الخلفية؟,يفضل لأ
تحب تسكن في منطقة فيها جيران من نفس الخلفية؟,مش فارقة
تحب تسكن في منطقة فيها جيران من نفس الخلفية؟,مش فارقة
تحب تسكن في منطقة فيها جيران من نفس الخلفية؟,مش فارقة
تحب تسكن في منطقة فيها جيران من نفس الخلفية؟,أيوه
تحب تسكن في منطقة فيها جيران من نفس الخلفية؟,يفضل لأ
تحب تسكن في منطقة فيها جيران من نفس الخلفية؟,أيوه
تحب تسكن في منطقة فيها جيران من نفس الخلفية؟,أيوه
تحب تسكن في منطقة فيها جيران من نفس الخلفية؟,مش فارقة
تحب تسكن في منطقة فيها جيران من نفس الخلفية؟,يفضل لأ
تحب تسكن في منطقة فيها جيران من نفس الخلفية؟,يفضل لأ
تحب تسكن في منطقة فيها جيران من نفس الخلفية؟,مش فارقة
تحب تسكن في منطقة فيها جيران من نفس الخلفية؟,يفضل لأ
تحب تسكن في منطقة فيها جيران من نفس الخلفية؟,مش فارقة
تحب تسكن في منطقة فيها جيران من نفس الخلفية؟,يفضل لأ
تحب تسكن في منطقة فيها جيران من نفس الخلفية؟,أيوه
تحب تسكن في منطقة فيها جيران من نفس الخلفية؟,يفضل لأ
تحب تسكن في منطقة فيها جيران من نفس الخلفية؟,يفضل لأ
تحب تسكن في منطقة فيها جيران من نفس الخلفية؟,مش فارقة
تحب تسكن في منطقة فيها جيران من نفس الخلفية؟,مش فارقة
تحب تسكن في منطقة فيها جيران من نفس الخلفية؟,يفضل لأ
تحب تسكن في منطقة فيها جيران من نفس الخلفية؟,مش فارقة
تحب تسكن في منطقة فيها جيران من نفس الخلفية؟,أيوه
تحب تسكن في منطقة فيها جيران من نفس الخلفية؟,أيوه
تحب تسكن في منطقة فيها جيران من نفس الخلفية؟,يفضل لأ
تحب تسكن في منطقة فيها جيران من نفس الخلفية؟,أيوه
تحب تسكن في منطقة فيها جيران من نفس الخلفية؟,أيوه
تحب تسكن في منطقة فيها جيران من نفس الخلفية؟,يفضل لأ
تحب تسكن في منطقة فيها جيران من نفس الخلفية؟,يفضل لأ
تحب تسكن في منطقة فيها جيران من نفس الخلفية؟,يفضل لأ
تحب تسكن في منطقة فيها جيران من نفس الخلفية؟,مش فارقة
تحب تسكن في منطقة فيها جيران من نفس الخلفية؟,يفضل لأ
تحب تسكن في منطقة فيها جيران من نفس الخلفية؟,أيوه
تحب تسكن في منطقة فيها جيران من نفس الخلفية؟,أيوه
تحب تسكن في منطقة فيها جيران من نفس الخلفية؟,أيوه
تحب تسكن في منطقة فيها جيران من نفس الخلفية؟,يفضل لأ
تحب تسكن في منطقة فيها جيران من نفس الخلفية؟,يفضل لأ
تحب تسكن في منطقة فيها جيران من نفس الخلفية؟,أيوه
تحب تسكن في منطقة فيها جيران من نفس الخلفية؟,أيوه
تحب تسكن في منطقة فيها جيران من نفس الخلفية؟,أيوه
تحب تسكن في منطقة فيها جيران من نفس الخلفية؟,أيوه
تحب تسكن في منطقة فيها جيران من نفس الخلفية؟,أيوه
تحب تسكن في منطقة فيها جيران من نفس الخلفية؟,يفضل لأ
تحب تسكن في منطقة فيها جيران من نفس الخلفية؟,أيوه
تحب تسكن في منطقة فيها جيران من نفس الخلفية؟,يفضل لأ
تحب تسكن في منطقة فيها جيران من نفس الخلفية؟,مش فارقة
تحب تسكن في منطقة فيها جيران من نفس الخلفية؟,مش فارقة
تحب تسكن في منطقة فيها جيران من نفس الخلفية؟,مش فارقة
تحب تسكن في منطقة فيها جيران من نفس الخلفية؟,مش فارقة
تحب تسكن في منطقة فيها جيران من نفس الخلفية؟,أيوه
تحب تسكن في منطقة فيها جيران من نفس الخلفية؟,مش فارقة
تحب تسكن في منطقة فيها جيران من نفس الخلفية؟,مش فارقة
تحب تسكن في منطقة فيها جيران من نفس الخلفية؟,يفضل لأ
تحب تسكن في منطقة فيها جيران من نفس الخلفية؟,أيوه
تحب تسكن في منطقة فيها جيران من نفس الخلفية؟,مش فارقة
تحب تسكن في منطقة فيها جيران من نفس الخلفية؟,مش فارقة
تحب تسكن في منطقة فيها جيران من نفس الخلفية؟,مش فارقة
تحب تسكن في منطقة فيها جيران من نفس الخلفية؟,أيوه
تحب تسكن في منطقة فيها جيران من نفس الخلفية؟,يفضل لأ
تحب تسكن في منطقة فيها جيران من نفس الخلفية؟,مش فارقة
تحب تسكن في منطقة فيها جيران من نفس الخلفية؟,مش فارقة
تحب تسكن في منطقة فيها جيران من نفس الخلفية؟,يفضل لأ
تحب تسكن في منطقة فيها جيران من نفس الخلفية؟,يفضل لأ
تحب تسكن في منطقة فيها جيران من نفس الخلفية؟,يفضل لأ
تحب تسكن في منطقة فيها جيران من نفس الخلفية؟,مش فارقة
تحب تسكن في منطقة فيها جيران من نفس الخلفية؟,يفضل لأ
تحب تسكن في منطقة فيها جيران من نفس الخلفية؟,مش فارقة
تحب تسكن في منطقة فيها جيران من نفس الخلفية؟,مش فارقة
تحب تسكن في منطقة فيها جيران من نفس الخلفية؟,يفضل لأ
تحب تسكن في منطقة فيها جيران من نفس الخلفية؟,مش فارقة
تحب تسكن في منطقة فيها جيران من نفس الخلفية؟,أيوه
تحب تسكن في منطقة فيها جيران من نفس الخلفية؟,أيوه
تحب تسكن في منطقة فيها جيران من نفس الخلفية؟,يفضل لأ
تحب تسكن في منطقة فيها جيران من نفس الخلفية؟,أيوه
تحب تسكن في منطقة فيها جيران من نفس الخلفية؟,مش فارقة
تحب تسكن في منطقة فيها جيران من نفس الخلفية؟,يفضل لأ
تحب تسكن في منطقة فيها جيران من نفس الخلفية؟,يفضل لأ
تحب تسكن في منطقة فيها جيران من نفس الخلفية؟,أيوه
تحب تسكن في منطقة فيها جيران من نفس الخلفية؟,أيوه
تحب تسكن في منطقة فيها جيران من نفس الخلفية؟,مش فارقة
تحب تسكن في منطقة فيها جيران من نفس الخلفية؟,يفضل لأ
تحب تسكن في منطقة فيها جيران من نفس الخلفية؟,أيوه
تحب تسكن في منطقة فيها جيران من نفس الخلفية؟,أيوه
تحب تسكن في منطقة فيها جيران من نفس الخلفية؟,أيوه
تحب تسكن في منطقة فيها جيران من نفس الخلفية؟,أيوه
