الاعتراض,الرد_المقترح
العمارة قديمة,خليني أشرحلك ليه السعر مناسب بالنسبة للمواصفات.
السعر غالي,خليني أشرحلك ليه السعر مناسب بالنسبة للمواصفات.
العمارة قديمة,خليني أشرحلك ليه السعر مناسب بالنسبة للمواصفات.
المكان بعيد,خليني أشرحلك ليه السعر مناسب بالنسبة للمواصفات.
السعر غالي,خليني أشرحلك ليه السعر مناسب بالنسبة للمواصفات.
المكان بعيد,خليني أشرحلك ليه السعر مناسب بالنسبة للمواصفات.
المكان بعيد,خليني أشرحلك ليه السعر مناسب بالنسبة للمواصفات.
المساحة صغيرة,خليني أشرحلك ليه السعر مناسب بالنسبة للمواصفات.
السعر غالي,خليني أشرحلك ليه السعر مناسب بالنسبة للمواصفات.
العمارة قديمة,خليني أشرحلك ليه السعر مناسب بالنسبة للمواصفات.
العمارة قديمة,خليني أشرحلك ليه السعر مناسب بالنسبة للمواصفات.
المساحة صغيرة,خليني أشرحلك ليه السعر مناسب بالنسبة للمواصفات.
المساحة صغيرة,خليني أشرحلك ليه السعر مناسب بالنسبة للمواصفات.
المساحة صغيرة,خليني أشرحلك ليه السعر مناسب بالنسبة للمواصفات.
العمارة قديمة,خليني أشرحلك ليه السعر مناسب بالنسبة للمواصفات.
المساحة صغيرة,خليني أشرحلك ليه السعر مناسب بالنسبة للمواصفات.
المكان بعيد,خليني أشرحلك ليه السعر مناسب بالنسبة للمواصفات.
العمارة قديمة,خليني أشرحلك ليه السعر مناسب بالنسبة للمواصفات.
السعر غالي,خليني أشرحلك ليه السعر مناسب بالنسبة للمواصفات.
المساحة صغيرة,خليني أشرحلك ليه السعر مناسب بالنسبة للمواصفات.
العمارة قديمة,خليني أشرحلك ليه السعر مناسب بالنسبة للمواصفات.
العمارة قديمة,خليني أشرحلك ليه السعر مناسب بالنسبة للمواصفات.
المكان بعيد,خليني أشرحلك ليه السعر مناسب بالنسبة للمواصفات.
السعر غالي,خليني أشرحلك ليه السعر مناسب بالنسبة للمواصفات.
المكان بعيد,خليني أشرحلك ليه السعر مناسب بالنسبة للمواصفات.
العمارة قديمة,خليني أشرحلك ليه السعر مناسب بالنسبة للمواصفات.
العمارة قديمة,خليني أشرحلك ليه السعر مناسب بالنسبة للمواصفات.
السعر غالي,خليني أشرحلك ليه السعر مناسب بالنسبة للمواصفات.
السعر غالي,خليني أشرحلك ليه السعر مناسب بالنسبة للمواصفات.
السعر غالي,خليني أشرحلك ليه السعر مناسب بالنسبة للمواصفات.
السعر غالي,خليني أشرحلك ليه السعر مناسب بالنسبة للمواصفات.
العمارة قديمة,خليني أشرحلك ليه السعر مناسب بالنسبة للمواصفات.
السعر غالي,خليني أشرحلك ليه السعر مناسب بالنسبة للمواصفات.
المساحة صغيرة,خليني أشرحلك ليه السعر مناسب بالنسبة للمواصفات.
المكان بعيد,خليني أشرحلك ليه السعر مناسب بالنسبة للمواصفات.
المساحة صغيرة,خليني أشرحلك ليه السعر مناسب بالنسبة للمواصفات.
السعر غالي,خليني أشرحلك ليه السعر مناسب بالنسبة للمواصفات.
العمارة قديمة,خليني أشرحلك ليه السعر مناسب بالنسبة للمواصفات.
المساحة صغيرة,خليني أشرحلك ليه السعر مناسب بالنسبة للمواصفات.
المساحة صغيرة,خليني أشرحلك ليه السعر مناسب بالنسبة للمواصفات.
العمارة قديمة,خليني أشرحلك ليه السعر مناسب بالنسبة للمواصفات.
السعر غالي,خليني أشرحلك ليه السعر مناسب بالنسبة للمواصفات.
السعر غالي,خليني أشرحلك ليه السعر مناسب بالنسبة للمواصفات.
السعر غالي,خليني أشرحلك ليه السعر مناسب بالنسبة للمواصفات.
العمارة قديمة,خليني أشرحلك ليه السعر مناسب بالنسبة للمواصفات.
المساحة صغيرة,خليني أشرحلك ليه السعر مناسب بالنسبة للمواصفات.
المكان بعيد,خليني أشرحلك ليه السعر مناسب بالنسبة للمواصفات.
العمارة قديمة,خليني أشرحلك ليه السعر مناسب بالنسبة للمواصفات.
المكان بعيد,خليني أشرحلك ليه السعر مناسب بالنسبة للمواصفات.
العمارة قديمة,خليني أشرحلك ليه السعر مناسب بالنسبة للمواصفات.
المساحة صغيرة,خليني أشرحلك ليه السعر مناسب بالنسبة للمواصفات.
المساحة صغيرة,خليني أشرحلك ليه السعر مناسب بالنسبة للمواصفات.
المكان بعيد,خليني أشرحلك ليه السعر مناسب بالنسبة للمواصفات.
المكان بعيد,خليني أشرحلك ليه السعر مناسب بالنسبة للمواصفات.
المساحة صغيرة,خليني أشرحلك ليه السعر مناسب بالنسبة للمواصفات.
السعر غالي,خليني أشرحلك ليه السعر مناسب بالنسبة للمواصفات.
المساحة صغيرة,خليني أشرحلك ليه السعر مناسب بالنسبة للمواصفات.
المساحة صغيرة,خليني أشرحلك ليه السعر مناسب بالنسبة للمواصفات.
العمارة قديمة,خليني أشرحلك ليه السعر مناسب بالنسبة للمواصفات.
المكان بعيد,خليني أشرحلك ليه السعر مناسب بالنسبة للمواصفات.
العمارة قديمة,خليني أشرحلك ليه السعر مناسب بالنسبة للمواصفات.
المكان بعيد,خليني أشرحلك ليه السعر مناسب بالنسبة للمواصفات.
السعر غالي,خليني أشرحلك ليه السعر مناسب بالنسبة للمواصفات.
المكان بعيد,خليني أشرحلك ليه السعر مناسب بالنسبة للمواصفات.
المساحة صغيرة,خليني أشرحلك ليه السعر مناسب بالنسبة للمواصفات.
العمارة قديمة,خليني أشرحلك ليه السعر مناسب بالنسبة للمواصفات.
المكان بعيد,خليني أشرحلك ليه السعر مناسب بالنسبة للمواصفات.
السعر غالي,خليني أشرحلك ليه السعر مناسب بالنسبة للمواصفات.
السعر غالي,خليني أشرحلك ليه السعر مناسب بالنسبة للمواصفات.
السعر غالي,خليني أشرحلك ليه السعر مناسب بالنسبة للمواصفات.
السعر غالي,خليني أشرحلك ليه السعر مناسب بالنسبة للمواصفات.
المكان بعيد,خليني أشرحلك ليه السعر مناسب بالنسبة للمواصفات.
السعر غالي,خليني أشرحلك ليه السعر مناسب بالنسبة للمواصفات.
العمارة قديمة,خليني أشرحلك ليه السعر مناسب بالنسبة للمواصفات.
السعر غالي,خليني أشرحلك ليه السعر مناسب بالنسبة للمواصفات.
العمارة قديمة,خليني أشرحلك ليه السعر مناسب بالنسبة للمواصفات.
السعر غالي,خليني أشرحلك ليه السعر مناسب بالنسبة للمواصفات.
السعر غالي,خليني أشرحلك ليه السعر مناسب بالنسبة للمواصفات.
المكان بعيد,خليني أشرحلك ليه السعر مناسب بالنسبة للمواصفات.
العمارة قديمة,خليني أشرحلك ليه السعر مناسب بالنسبة للمواصفات.
المكان بعيد,خليني أشرحلك ليه السعر مناسب بالنسبة للمواصفات.
المساحة صغيرة,خليني أشرحلك ليه السعر مناسب بالنسبة للمواصفات.
المساحة صغيرة,خليني أشرحلك ليه السعر مناسب بالنسبة للمواصفات.
العمارة قديمة,خليني أشرحلك ليه السعر مناسب بالنسبة للمواصفات.
المكان بعيد,خليني أشرحلك ليه السعر مناسب بالنسبة للمواصفات.
العمارة قديمة,خليني أشرحلك ليه السعر مناسب بالنسبة للمواصفات.
المساحة صغيرة,خليني أشرحلك ليه السعر مناسب بالنسبة للمواصفات.
المكان بعيد,خليني أشرحلك ليه السعر مناسب بالنسبة للمواصفات.
المساحة صغيرة,خليني أشرحلك ليه السعر مناسب بالنسبة للمواصفات.
السعر غالي,خليني أشرحلك ليه السعر مناسب بالنسبة للمواصفات.
المساحة صغيرة,خليني أشرحلك ليه السعر مناسب بالنسبة للمواصفات.
المكان بعيد,خليني أشرحلك ليه السعر مناسب بالنسبة للمواصفات.
العمارة قديمة,خليني أشرحلك ليه السعر مناسب بالنسبة للمواصفات.
العمارة قديمة,خليني أشرحلك ليه السعر مناسب بالنسبة للمواصفات.
المكان بعيد,خليني أشرحلك ليه السعر مناسب بالنسبة للمواصفات.
المكان بعيد,خليني أشرحلك ليه السعر مناسب بالنسبة للمواصفات.
المساحة صغيرة,خليني أشرحلك ليه السعر مناسب بالنسبة للمواصفات.
العمارة قديمة,خليني أشرحلك ليه السعر مناسب بالنسبة للمواصفات.
السعر غالي,خليني أشرحلك ليه السعر مناسب بالنسبة للمواصفات.
العمارة قديمة,خليني أشرحلك ليه السعر مناسب بالنسبة للمواصفات.
