العبارة,نوع_النية
أنا بدور على إيجار مش تمليك في الشيخ زايد,إيجار
أنا بدور على إيجار مش تمليك في الشيخ زايد,إيجار
أنا بدور على إيجار مش تمليك في القاهرة,إيجار
أنا بدور على إيجار مش تمليك في الرحاب,إيجار
أنا بدور على إيجار مش تمليك في الشيخ زايد,إيجار
أنا بدور على إيجار مش تمليك في التجمع,إيجار
أنا بدور على إيجار مش تمليك في القاهرة,إيجار
أنا بدور على إيجار مش تمليك في الشيخ زايد,إيجار
أنا بدور على إيجار مش تمليك في الجيزة,إيجار
أنا بدور على إيجار مش تمليك في الجيزة,إيجار
أنا بدور على إيجار مش تمليك في المعادي,إيجار
أنا بدور على إيجار مش تمليك في مدينتي,إيجار
أنا بدور على إيجار مش تمليك في المعادي,إيجار
أنا بدور على إيجار مش تمليك في المعادي,إيجار
أنا بدور على إيجار مش تمليك في المعادي,إيجار
أنا بدور على إيجار مش تمليك في الرحاب,إيجار
أنا بدور على إيجار مش تمليك في الشيخ زايد,إيجار
أنا بدور على إيجار مش تمليك في الشيخ زايد,إيجار
أنا بدور على إيجار مش تمليك في الشيخ زايد,إيجار
أنا بدور على إيجار مش تمليك في التجمع,إيجار
أنا بدور على إيجار مش تمليك في التجمع,إيجار
أنا بدور على إيجار مش تمليك في الرحاب,إيجار
أنا بدور على إيجار مش تمليك في التجمع,إيجار
أنا بدور على إيجار مش تمليك في التجمع,إيجار
أنا بدور على إيجار مش تمليك في التجمع,إيجار
أنا بدور على إيجار مش تمليك في الزمالك,إيجار
أنا بدور على إيجار مش تمليك في الرحاب,إيجار
أنا بدور على إيجار مش تمليك في الشيخ زايد,إيجار
أنا بدور على إيجار مش تمليك في مدينتي,إيجار
أنا بدور على إيجار مش تمليك في الرحاب,إيجار
أنا بدور على إيجار مش تمليك في الرحاب,إيجار
أنا بدور على إيجار مش تمليك في الشيخ زايد,إيجار
أنا بدور على إيجار مش تمليك في الرحاب,إيجار
أنا بدور على إيجار مش تمليك في التجمع,إيجار
أنا بدور على إيجار مش تمليك في الجيزة,إيجار
أنا بدور على إيجار مش تمليك في الشيخ زايد,إيجار
أنا بدور على إيجار مش تمليك في القاهرة,إيجار
أنا بدور على إيجار مش تمليك في القاهرة,إيجار
أنا بدور على إيجار مش تمليك في القاهرة,إيجار
أنا بدور على إيجار مش تمليك في مدينتي,إيجار
أنا بدور على إيجار مش تمليك في الشيخ زايد,إيجار
أنا بدور على إيجار مش تمليك في التجمع,إيجار
أنا بدور على إيجار مش تمليك في الزمالك,إيجار
أنا بدور على إيجار مش تمليك في المعادي,إيجار
أنا بدور على إيجار مش تمليك في الزمالك,إيجار
أنا بدور على إيجار مش تمليك في المعادي,إيجار
أنا بدور على إيجار مش تمليك في الشيخ زايد,إيجار
أنا بدور على إيجار مش تمليك في مدينتي,إيجار
أنا بدور على إيجار مش تمليك في المعادي,إيجار
أنا بدور على إيجار مش تمليك في الجيزة,إيجار
أنا بدور على إيجار مش تمليك في مدينتي,إيجار
أنا بدور على إيجار مش تمليك في مدينتي,إيجار
أنا بدور على إيجار مش تمليك في الرحاب,إيجار
أنا بدور على إيجار مش تمليك في الشيخ زايد,إيجار
أنا بدور على إيجار مش تمليك في الرحاب,إيجار
أنا بدور على إيجار مش تمليك في الزمالك,إيجار
أنا بدور على إيجار مش تمليك في الزمالك,إيجار
أنا بدور على إيجار مش تمليك في المعادي,إيجار
أنا بدور على إيجار مش تمليك في الشيخ زايد,إيجار
أنا بدور على إيجار مش تمليك في المعادي,إيجار
أنا بدور على إيجار مش تمليك في القاهرة,إيجار
أنا بدور على إيجار مش تمليك في الرحاب,إيجار
أنا بدور على إيجار مش تمليك في الزمالك,إيجار
أنا بدور على إيجار مش تمليك في الزمالك,إيجار
أنا بدور على إيجار مش تمليك في الجيزة,إيجار
أنا بدور على إيجار مش تمليك في الزمالك,إيجار
أنا بدور على إيجار مش تمليك في الجيزة,إيجار
أنا بدور على إيجار مش تمليك في الجيزة,إيجار
أنا بدور على إيجار مش تمليك في الجيزة,إيجار
أنا بدور على إيجار مش تمليك في الرحاب,إيجار
أنا بدور على إيجار مش تمليك في التجمع,إيجار
أنا بدور على إيجار مش تمليك في الزمالك,إيجار
أنا بدور على إيجار مش تمليك في المعادي,إيجار
أنا بدور على إيجار مش تمليك في المعادي,إيجار
أنا بدور على إيجار مش تمليك في الرحاب,إيجار
أنا بدور على إيجار مش تمليك في القاهرة,إيجار
أنا بدور على إيجار مش تمليك في الجيزة,إيجار
أنا بدور على إيجار مش تمليك في الرحاب,إيجار
أنا بدور على إيجار مش تمليك في الجيزة,إيجار
أنا بدور على إيجار مش تمليك في الزمالك,إيجار
أنا بدور على إيجار مش تمليك في المعادي,إيجار
أنا بدور على إيجار مش تمليك في القاهرة,إيجار
أنا بدور على إيجار مش تمليك في الرحاب,إيجار
أنا بدور على إيجار مش تمليك في المعادي,إيجار
أنا بدور على إيجار مش تمليك في مدينتي,إيجار
أنا بدور على إيجار مش تمليك في الجيزة,إيجار
أنا بدور على إيجار مش تمليك في القاهرة,إيجار
أنا بدور على إيجار مش تمليك في الزمالك,إيجار
أنا بدور على إيجار مش تمليك في المعادي,إيجار
أنا بدور على إيجار مش تمليك في الشيخ زايد,إيجار
أنا بدور على إيجار مش تمليك في الجيزة,إيجار
أنا بدور على إيجار مش تمليك في مدينتي,إيجار
أنا بدور على إيجار مش تمليك في القاهرة,إيجار
أنا بدور على إيجار مش تمليك في الرحاب,إيجار
أنا بدور على إيجار مش تمليك في المعادي,إيجار
أنا بدور على إيجار مش تمليك في الجيزة,إيجار
أنا بدور على إيجار مش تمليك في الشيخ زايد,إيجار
أنا بدور على إيجار مش تمليك في المعادي,إيجار
أنا بدور على إيجار مش تمليك في الزمالك,إيجار
أنا بدور على إيجار مش تمليك في مدينتي,إيجار
